Name,Lat,Long
Pedisong 1 clinic,-25.615760°,27.988290°
Sosh Block X Clinic,-25.490810°,28.094250°
Soshanguve Clinic,-25.490810°,28.094250°
Karenpark Clinic,-25.665592°,28.106620°
Rosslyn Clinic,-25.626010°,28.096010°
Blok JJ Clinic,-25.457390°,28.083630°
Kekana Gardens Clinic,-25.373780°,28.310396°
Ramotse Clinic,-25.357540°,28.295320°
Hercules Clinic,-25.711817°,28.148117°
Silverton Clinic,-25.733380°,28.
Folang Clinic,-25.749940°,28.173620°
Doornpoort Clinic,-25.654020°,28.252770°
Pierre Van Ryneveld Clinic,-25.843017°,28.243283°
F.F. Ribeiro Clinic,-25.745350°,28.195350°
Saulsville Clinic,-25.779099°,28.067273°
Atteridgeville Clinic,-25.773453°,28.071270°
Unjani Clinic,-25.767280°,28.075620°
Olievenhoutbosch Clinic,-25.911360°,28.093660°
Laudium Clinic,-25.788065°,28.106558°
Lyttelton Clinic,-25.835990°,28.196000°
Eldoraigne Clinic,-25.836360°,28.149310°
p2p Rooihuiskraal Clinic,-25.893233°,28.152783°
Tshepong Community Centre,-25.641790°,28.529490°
Refilwe Community Centre,-25.636990°,28.530530°
Mamelodi West Clinic,-25.714260°,28.348640°
Nelmapius Clinic,-25.736720°,28.350310°
Eersterust Clinic,-25.708230°,28.319250°
Mamelodi Hospital,-25.719880°,28.369480°
Ubuntu Clinic,-25.756840°,28.426580°
Mamelodi Clinic,-25.704560°,28.375880°
Stanza Ii Bopape Clinic,-25.714380°,28.415980°
Phahameng Clinic,-25.721700°,28.387183°
Dark City Clinic,-25.659410°,28.731870°
Sokhulumi clinic,-25.601970°,28.888610°
Mabopane Block A Customer Care Centre,-25.502220°,28.062650°
Mabopane Block X Customer Care Centre,-25.513833°,28.047111°
Beirut Customer Care Centre,-25.492780°,28.059840°
Winterveldt Customer Care Centre,-25.471239°,28.058414°
Ga-Rankuwa Customer Care Centre,-25.594650°,27.999967°
Soshanguve Block F Customer Care Centre,-25.519700°,28.100700°
Akasia Customer Care Centre,-25.667040°,28.106800°
Bodibeng Customer Care Centre,-25.493240°,28.093940°
Sinoville Customer Care Centre,-25.674102,28.214301
Hammanskraal Customer Care Centre,-25.403660°,28.288940°
Temba Customer Care Centre,-25.385770°,28.255210°
Laudium Custome Care Health Centre,-25.784190°,28.088670°
Laudium Customer Care Centre,-25.787383°,28.106950°
Olievenhoutbosch Customer Care Centre,-25.911027°,28.095293°
Rayton Customer Care Centre,-25.739083°,28.529650°
Rayton Municipal Key Site,-25.739217°,28.530150°
Refilwe Municipal Key Site,-25.637270°,28.531060°
Refilwe Customer Care Centre,-25.638950°,28.534290°
Nelmapius Customer Care Centre,-25.741767°,28.358783°
Stanza Bopape Customer Care Centre,-25.706360°,28.401080°
Eersterust Customer Care Centre,-25.706933°,28.309283°
Mamelodi Customer Care Centre,-25.716494°,28.337198°
Grasdak Offices,-25.805320°,28.736870°
Bronkhorstspruit Customer Care Centre,-25.807477°,28.755008°
Capital Park Electrical Depot,-25.727380°,28.173440°
Rosslyn Depot,-25.633450°,28.105133°
Mabopane library,-25.513240°,28.054010°
Halala Library,-25.520000°,28.110067°
Winterveld Library,-25.471510°,28.058070°
Akasia Library,-25.671830°,28.107640°
Kt Motubatse Library,-25.584360°,28.089650°
Bodibeng Bodibeng Library,-25.492880°,28.094580°
Soshanguve Block X Library,-25.467900°,28.130690°
Hammanskraal Library,-25.404020°,28.289010°
Steve Biko Library,-25.378600°,28.308110°
Suurman Library,-25.382160°,28.220880°
Temba Library,-25.386430°,28.255820°
Hercules Library,-25.714770°,28.146970°
Mayville Library,-25.700050°,28.181640°
Mountain View Library,-25.700917°,28.161083°
Silverton Library,-25.733540°,28.297250°
Danville Library,-25.743520°,28.126390°
Pretoria North Library,-25.673630°,28.171060°
Waverley Library,-25.703070°,28.258110°
Pierre Van Ryneveld Library,-25.842700°,28.243267°
Depot Library,-25.744450°,28.195250°
Moot Library,-25.716610°,28.217090°
Valhalla Library,-25.812560°,28.156880°
Brooklyn Library Inside,-25.770430°,28.234040°
Es'kia Mphahlele Library,-25.745250°,28.194660°
Atteridgeville Library,-25.770483°,28.070417°
Saulsville Library,-25.769670°,28.062880°
Eldoraigne Library,-25.848317°,28.154017°
Valhalla Library Inside (Fibre),-25.841510,28.148300°
Lyttelton Library,-25.830083°,28.206096°
Laudium Library,-25.787143°,28.100669°
Erasmia Library,-25.815810°,28.091290°
Irene Library,-25.875700°,28.222817°
Rooihuiskraal Library,-25.893230°,28.152870°
Olievenhoutbosch Library,-25.911250°,28.093390°
Refilwe Library,-25.635960°,28.527270°
East Lynne Library,-25.705560°,28.284400°
Cullinan Library,-25.675150°,28.521390°
Abram Makolane Library,-25.738980°,28.362400°
Eersterust Library,-25.706920°,28.309690°
Mamelodi West Library,-25.712733°,28.348600°
Mahlasedi Masana Library,-25.716810°,28.419160°
Stanza Bopape Library,-25.713250°,28.400450°
Bronkhorstspruit Library,-25.809300°,28.743090°
Mabopane Unit U Park,-25.51476°,28.03746°
Soshanguve Park Bolck M,-25.522650°,28.058880°
Soshanguve East Park,-25.591040°,28.097280°
Thwalo street park,-25.596561°,28.106864°
Block M Ext 1 Park,-25.553230°,28.102830°
Ga-Rangkwa unit 7 park,-25.568270°,28.011000°
Endemic Park,-25.593620°,27.971470°
Puleng Park,-25.580810°,28.016870°
Colbyn Glyn Park,-25.740710°,28.241750°
Impala Park,-25.668670°,28.145930°
Bokser Park,-25.655900°,28.140930°
Seymore Park,-25.650340°,28.106620°
Besembos Park,-25.676330°,28.110010°
Capital Park Parkie,-25.725960°,28.183330°
Pangolin Ave Park,-25.669570°,28.137670°
Honey Suckle rd park,-25.683474°,28.235737°
Limpopo ave park,-25.684130°,28.221210°
Moonflower St Park,-25.679190°,28.229600°
ongers st park,-25.685220°,28.225340°
Overkruin,-25.678702,28.217083
Ramotse park,-25.366150°,28.285950°
Remotse N1 Park,-25.350990°,28.295410°
Tsebe Ntlha,-25.372390°,28.254680°
Japie Le Roux Park,-25.725390°,28.154050°
Claremont Park,-25.710060°,28.137570°
Eloffsdal park,-25.71137°,28.18589°
Phillip Nel Park,-25.731129°,28.144052°
Boekenhoutkloof straat park,-25.712460°,28.134550°
Bruins park,-25.706570°,28.176700°
Mountain View Park,-25.701060°,28.147870°
Roseville Park,-25.707861°,28.174667°
Bernard Street Parkie Garsfontein,-25.799820°,28.311900°
Borzoi Park,-25.801270°,28.313460°
Garsfontein Tennis and Skate Park,-25.788910°,28.285950°
Hillside Bussiness Park,-25.768010°,28.266950°
Hillside Sirkel Park,-25.769194°,28.264861°
Moreleta Nature Reserve,-25.815480°,28.291690°
Pretorius Park,-25.811150°,28.304700°
Pro Arte Alphen Park,-25.781970°,28.263810°
Jalapeno Park,-25.747100°,28.096530°
Colbyn Golf Park,-25.741170°,28.248400°
Swaan Street Park,-25.708330°,28.288310°
Springbok Park,-25.745340°,28.237190°
Kraanvoel park,-25.730630°,28.321000°
Jacobson Drive Park,-25.765050°,28.296490°
Spain Park,-25.741480°,28.152070°
Bontle ke Bothe Park,-25.741370°,28.139220°
Schneider Ave Park,-25.740310°,28.108430°
Joos Becker Caravan Park,-25.696890°,28.184260°
Visarend street park,-25.803340°,28.223300°
Parsley Park,-25.671560°,28.202960°
Jackson Van Zyl Park,-25.677630°,28.156680°
Jopie Fourie St Park,-25.663230°,28.162630°
Alwyn Park,-25.686220°,28.195490°
17th Ave Park,-25.705350°,28.214300°
Kuyper Avev Park,-25.699410°,28.216730°
Aerangis park,-25.708950°,28.216730°
Braam Pretorius Park,-25.686450°,28.274090°
Breyer Ave Park,-25.697880°,28.265870°
Combrink Park,-25.725430°,28.241030°
Cooper Park,-25.71451°,28.21714°
Peerboom st park,-25.650150°,28.229120°
Queenswood Park,-25.729350°,28.248118°
Pierre v. Ryneveld Park,-25.835550°,28.245780°
Fluer Park,-25.821243°,28.208387°
Elarduspark Park,-25.829500°,28.248972°
Monument Park Parkie,-25.799580°,28.234710°
Gabbro St Park,-25.839520°,28.262990°
Gezina Netbal Club & Korbal Park,-25.716860°,28.206990°
Jan Cilliers Park (Protea Park),-25.778033°,28.225117°
Freedom Park,-25.764986°,28.021886°
Jubilee Park,-25.753333°,28.203611°
Loveday Street Park,-25.760000°,28.210522°
Myrtle Park,-25.752810°,28.216360°
Zita Park,-25.792590°,28.292780°
Camille Straat Park,-25.794160°,28.303370°
Dvorak Street Park,-25.803270°,28.290070°
Niemeyer Square Park,-25.770000°,28.239730°
Hofmeyr park,-25.760960°,28.253980°
Atteridgeville Park,-25.777675°,28.069585°
Mphoka Park,-25.784350°,28.039140°
Moretologa Park,-25.784400°,28.032570°
Fidas Park,-25.767670°,28.080680°
Ga Mothakga Resort,-25.762890°,28.069060°
Jorissen Street,-25.757278°,28.213306°
Kotze Street,-25.755304°,28.208188°
Hans Moolman Park,-25.753600°,28.112483°
Monate Park,-25.900260°,28.101460°
Kiepersol Ave Park,-25.755360°,28.138278°
Cradock Ave Park,-25.817960°,28.199030°
The Bye Park,-25.837990°,28.164520°
Erasmia circle park,-25.811960°,28.090070°
Senekal park,-25.874610°,28.153210°
Van Riebeeck Road,-25.790830°,28.147540°
Rooihuiskraal Historical Park,-25.883650°,28.144270°
Ellips straat park,-25.738680°,28.326320°
Pienaar Dr Park,-25.739520°,28.311390°
Moretele Nature Reserve,-25.703067°,28.359865°
Ostrich Park,-25.698420°,28.307960°
King Fisher park,-25.702970°,28.308650°
Ekangala Section F Park,-25.658150°,28.725560°
New Thematic Park,-25.662150°,28.739190°
Letlotlo Middle School,-25.502560°,28.072660°
Retlilepele Primary School,-25.511900°,28.076960°
Setumo-Khiba Middle School,-25.512600°,28.075367°
Tsibogo Middle School,-25.497790°,28.037790°
Bafeti Middle school,-25.511970°,28.066820°
Nong Primary School,-25.518880°,28.052621°
Matsediso School,-25.522030°,28.065810°
Reatlegile Primary School,-25.509800°,28.026100°
Tsewe Primary School,-25.490430°,28.005600°
TIPFUXENI PRIMARY SCHOOL,-25.528600°,28.088130°
TIYELELANI SECONDARY SCHOOL,-25.529340°,28.086770°
MEMEZELO SECONDARY SCHOOL,-25.503184°,28.094170°
MORULA VIEW PRIMARY SCHOOL,-25.525435°,28.044843°
REKOPANTSE PRIMARY SCHOOL,-25.517889°,28.049083°
PELOTONA MIDDLE SCHOOL,-25.516500°,28.040640°
D.A. MOKOMA SECONDARY SCHOOL,-25.515940°,28.049490°
DR. A.T. MOREOSELE SECONDARY SCHOOL,-25.507380°,28.038293°
RADINEO PRIMARY SCHOOL,-25.497650°,28.039933°
BOTSALO PRIMARY SCHOOL,-25.508212°,28.055099°
KOPA DILALELO PRIMARY SCHOOL,-25.515537°,28.068629°
NGAKA MASEKO HIGH SCHOOL,-25.489360°,28.049910°
ABEL MOTSHOANE HIGH SCHOOL,-25.481430°,28.043400°
EMA PRIMARY SCHOOL,-25.482751°,28.045857°
FR. SMANGALISO MKHATSHWA SECONDARY SCHOOL,-25.482923°,28.045894°
MABOPANE HIGH SCHOOL,-25.500760°,28.061700°
IKELENG PRIMARY SCHOOL,-25.486260°,28.052100°
DITSHABA PRIMARY SCHOOL,-25.500150°,28.061467°
TIDIMALONG PRIMARY PRIMARY,-25.478280°,28.050290°
MARULA PRIMARY SCHOOL,-25.506737°,28.070087°
SOSHANGAAN PRIMARY SCHOOL,-25.500755°,28.067977°
MATSEKE PRIMARY SCHOOL,-25.514208°,28.077436°
SUNVALLEY PRIMARY SCHOOL,-25.523615°,28.079682°
Ikhwezilethemba Intermediary S,-25.507460°,28.095420°
REDIBONE PRIMARY SCHOOL,-25.515850°,28.095420°
Mapenane School,-25.588517°,27.983300°
Sjambok Primary,-25.564880°,28.042170°
Rosslyn Primary School,-25.626290°,28.055600°
RODNEY MOKOENA PREPARATORY SCHOOL,-25.553680°,28.068060°
REFITHLILE PELE PRIMARY SCHOOL NO 1,-25.559630°,28.069460°
BOKAMOSO PRIMARY SCHOOL,-25.584270°,28.082760°
THORNTREE PRIMARY SCHOOL,-25.593000°,28.079583°
SOSHANGUVE SOUTH SECONDARY SCHOOL,-25.576167°,28.059389°
AYANDA PRIMARY SCHOOL,-25.575521°,28.061298°
ITUMELENG MADIBA PRIMARY SCHOOL,-25.567480°,28.063810°
CENTRAL SECONDARY SCHOOL,-25.560321°,28.080585°
SHALOM PRIMARY SCHOOL,-25.555260°,28.078300°
GONTSE PRIMARY SCHOOL,-25.569446°,28.072362°
SINQOBILE PRIMARY SCHOOL,-25.498935°,28.110190°
Matlapeng primary school,-25.560150°,28.078960°
Curro Academic,-25.573810°,28.093490°
Sinqobile Primary School,-25.549380°,28.086020°
Bolokanang school,-25.609850°,28.000340°
TIM MODISE PRIMARY SCHOOL,-25.607683°,28.009700°
Ikangeng Primary School,-25.611761°,28.001344°
TLOTLOMPHO PRIMARY SCHOOL,-25.615450°,27.991250°
LEKGALONG PRIMARY,-25.615150°,27.979000°
TOKYO SEXWALE PRIMARY SCHOOL,-25.609865°,27.995315°
Molefe-Mooke Primary School,-25.383550°,28.192810°
BOKAMOSO HIGH SCHOOL,-25.395828°,28.152068°
Modilati Secondary School,-25.395520°,28.155910°
Motjibosane Primary,-25.391510°,28.177810°
Namo Primary School,-25.389770°,28.161670°
Ntswane High School,-25.393200°,28.188710°
Redirile Primary School,-25.410320°,28.133100°
LORATONG PRIMARY SCHOOL,-25.406210°,28.167090°
REFENTSE,-25.379820°,28.171400°
Marotola Primary School,-25.412570°,28.154560°
Ramabele Middle School,-25.414290°,28.138430°
Rakgotse High School,-25.399180°,28.134800°
Kgomba primary school,-25.402840°,28.134850°
Fatlhogang Primary School,-25.396160°,28.169430°
Tipfuxeni Secondary School,-25.391890°,28.170830°
Boikanyo Primary School,-25.598453°,27.996341°
Bethesda special school,-25.572400°,28.015560°
PATOGENG PRIMARY,-25.555990°,28.054100°
LEBOGANG PRIMARY SCHOOL,-25.599982°,27.979738°
MAROPENG PRIMARY SCHOOL,-25.595530°,27.976390°
RANTAILANE HIGH SCHOOL,-25.595860°,27.986610°
HL SETLALENTOA SECONDARY SCHOOL,-25.596270°,27.994960°
BODUBELO PRIMARY,-25.587920°,27.977040°
MAPENANE PRIMARY SCHOOL,-25.589210°,27.983270°
LOWE PRIMARY SCHOOL,-25.587545°,27.981806°
RAKALE THABONG PRIMARY SCHOOL,-25.595340°,28.009560°
BACHANA MOKWENA PRIMARY SCHOOL,-25.549650°,27.985317°
TEBOGWANA HIGH SCHOOL,-25.576017°,28.017133°
NM TSUENE HIGH SCHOOL,-25.595467°,28.018233°
MODIRI SECONDARY SCHOOL,-25.604600°,27.994040°
A RETHABENG PRIMARY SCHOOL,-25.542600°,28.105570°
BOEPATHUTSE JUNIOR SECONDARY,-25.511520°,28.104740°
DC MARIVATE JUNIOR SECONDARY SCHOOL,-25.521790°,28.104970°
DIKAGO DINTLE PRIMARY SCHOOL,-25.442250°,28.014240°
DIKGAKOLOGO PRIMARY SCHOOL,-25.451778°,28.055472°
DITHABANENG PRIMARY SCHOOL,-25.512655°,28.102015°
Dr. Motsuenyane Secondary School,-25.466830°,28.072750°
EDWIN MOALUSI PRIMARY,-25.492530°,28.059520°
ENTOKOZWENI PRIMARY SCHOOL,-25.493481°,28.104486°
Filadelfia School,-25.546636°,28.090250°
Galeboe Middle School,-25.465680°,28.064810°
HLANGANANI SECONDARY SCHOOL,-25.509117°,28.118050°
HLOMPHANANG SECONDARY SCHOOL,-25.544139°,28.106838°
Holy Trinity School,-25.420917°,27.984617°
Itseng Primary School,-25.421040°,27.983080°
KHENSANI PRIMARY SCHOOL,-25.524190°,28.105430°
KHUTSO PRIMARY SCHOOL,-25.524907°,28.100227°
KULANI PRIMARY SCHOOL,-25.446380°,28.065260°
KUTUNG PRIMARY SCHOOL,-25.533333°,28.108972°
Laerskool Haakdoorn,-25.598030°,28.134890°
LETHABONG SECONDARY SCHOOL,-25.506730°,28.106750°
MMAFUMBUKA PRIMARY SCHOOL,-25.449500°,28.084500°
MAHLWARENG PRIMARY SCHOOL,-25.451580°,28.055500°
MAKHOSINI COMBINED SECONDARY SCHOOL,-25.447690°,28.089990°
MATHAGA PRIMARY SCHOOL,-25.547430°,28.102450°
Medicos Special School,-25.545900°,28.087160°
MEETSENG PRIMARY SCHOOL,-25.538930°,28.099660°
Merafeng Primary School,-25.405500°,28.021556°
MLOKOTWA DUBE PRIMARY SCHOOL,-25.442410°,28.011560°
MMAMASIANOKA PRIMARY SCHOOL,-25.518320°,28.097270°
MODISELLE PRIMARY SCHOOL,-25.580210°,28.017240°
New Eersterus Secondary,-25.424800°,28.123690°
NICK MPSHE SECONDARY SCHOOL,-25.444226°,28.016925°
NTSHA PEU PRIMARY SCHOOL,-25.507419°,28.102712°
Patrick Moloto Primary School,-25.500560°,28.077100°
PELE PRIMARY SCHOOL,-25.600990°,28.104900°
PHUMZILE PRIMARY SCHOOL,-25.517430°,28.110950°
PHUTHANANG PRIMARY SCHOOL,-25.530720°,28.099800°
REFENTSE PRIMARY,-25.374113°,28.298020°
REFILWE PRIMARY SCHOOL,-25.468200°,28.074370°
Reimolotswe Primary School,-25.415380°,28.039720°
REITUMETSE SECONDARY SCHOOL,-25.540720°,28.105490°
RETHOMILE PRIMARY SCHOOL,-25.535820°,28.103940°
RHULANI PRIMARY SCHOOL,-25.516430°,28.110200°
RS MALULEKE PRIMARY SCHOOL,-25.509468°,28.108144°
RUABOHLALE JUNIOR SECONDARY SCHOOL,-25.556230°,28.070920°
SEAGENG PRIMARY SCHOOL,-25.568600°,28.045244°
SEMPHATO PRIMARY SCHOOL,-25.456210°,28.089030°
Siamisang Primary School,-25.493340°,28.070180°
Siphamandla Primary School,-25.513753°,28.116244°
SOSHANGUVE TECHNICAL SECONDARY SCHOOL,-25.539040°,28.107030°
Thaba Primary School,-25.404980°,28.016100°
Thulasizwe Primary School,-25.522733°,28.107475°
THULGANYO JR. SECONDARY,-25.450390°,28.055040°
Thutong Junior Secondary School,-25.530720°,28.099800°
THUTONG JUNIOR SECONDARY SCHOOL,-25.531630°,28.099290°
TSHWANE CHRISTIAN SCHOOL,-25.538470°,28.139590°
TSWAING HIGH SCHOOL,-25.448842°,28.053620°
UBUHLE-BEZWE JUNIOR SECONDARY,-25.507200°,28.113510°
WALLMANSTHAL PRIMARY SCHOOL,-25.531130°,28.102230°
Laerskool Akasia,-25.649266°,28.125176°
Laerskool Voortrekker-Eeufees,-25.665275°,28.171017°
Hoërskool Akasia,-25.670343°,28.129420°
Metro Police Winternest,-25.648170°,28.128900°
Amandasig Secondary School,-25.672490°,28.097570°
Capital Park Primary School,-25.728550°,28.188117°
Iona Convert school,-25.727860°,28.203980°
Laerskool Tuinrand,-25.720267°,28.136883°
Hoër Tegniese Skool Pretoria-Tuine,-25.718650°,28.132067°
Hoërskool Gerrit Maritz,-25.665710°,28.154860°
Onderstepoort Primary School,-25.638800°,28.177767°
Gontse Primary School,-25.570467°,28.070100°
Lesedi Primary School,-25.589170°,28.105700°
soshanguve secondary school,-25.588040°,28.099040°
VUKANI PRIMARY,-25.485300°,28.112467°
AMOGELANG SECONDARY SCHOOL,-25.482661°,28.123335°
BABINAPHUTI SECONDARY SCHOOL,-25.488417°,28.103889°
BOTSE-BOTSE SECONDARY,-25.466780°,28.091720°
-25.467200°,28.091110°,10.254.73.194
Dilopye School,-25.383420°,28.193490°
DIMAKATSO PRIMARY,-25.450230°,28.120840°
ECHIBINE SECONDARY SCHOOL,-25.462950°,28.096923°
ELIZABETH MATSEMELA SECONDARY,-25.493710°,28.104920°
FUNEKILE SECONDARY,-25.441383°,28.121117°
I. R. LESOLANG SECONDARY SCHOOL,-25.492767°,28.072339°
KGADIME MATSEPE SECONDARY,-25.455670°,28.123460°
KGOMOTSO SECONDARY,-25.487733°,28.111650°
KGOTLELELANG PRIMARY,-25.439818°,28.109663°
KONDELELANI PRIMARY,-25.459420°,28.119221°
LESEDI POTLANA PRIMARY,-25.455680°,28.127090°
LINDELANI PRIMARY SCHOOL,-25.464883°,28.091367°
LUCAS MOTSHABANOSI SECONDARY SCHOOL,-25.485240°,28.075530°
M. H. Baloyi Secondary School,-25.493760°,28.071160°
M.J. MGIDI SECONDARY SCHOOL,-25.470983°,28.133317°
Manamelong Primary School,-25.490910°,28.072390°
MMABANA PRIMARY SCHOOL,-25.461130°,28.132340°
Mmatso Primary School,-25.408700°,28.131650°
MZIMUHLE PRIMARY SCHOOL,-25.460210°,28.099990°
NCHUNCHEKO PRIMARY,-25.465920°,28.125920°
NTSAKO SECONDARY SCHOOL,-25.477360°,28.096520°
PADISAGO PRIMARY SCHOOL,-25.488942°,28.097994°
PHAKAMONOLA PRIMARY SCHOOL,-25.464880°,28.084800°
PULAMADIBOGO PRIMARY SCHOOL,-25.486930°,28.135320°
RAIKANA PRIMARY SCHOOL,-25.480460°,28.128370°
Rapelego Primary School,-25.410980°,28.118880°
REFALOTSE PRIMARY SCHOOL,-25.486060°,28.073970°
RIVONINGO PRIMARY SCHOOL,-25.456140°,28.083010°
SEDIBA SA TSEBO PRIMARY SCHOOL,-25.492680°,28.111030°
SENTHIBELE SENIOR SECONDARY,-25.475157°,28.126331°
SIYOKHELA PRIMARY SCHOOL,-25.497956°,28.098034°
SOSHANGUVE secondary school,-25.479260°,28.100410°
ST FRANCIS PRIMARY SCHOOL,-25.487770°,28.123650°
THAKGALANG JUNIOR SECONDARY SCHOOL,-25.484950°,28.131130°
TIAMOKO PRIMARY SCHOOL,-25.475005°,28.101355°
TLAMAGANYO PRIMARY,-25.480670°,28.104260°
TSAROGA-PHOKA PRIMARY SCHOOL,-25.491284°,28.102988°
Tsosoloso Special School,-25.454100°,28.113710°
UTHANDO PRIMARY SCHOOL,-25.475590°,28.122820°
VUKOSI PRIMARY,-25.438076°,28.118899°
Winterveldt High School,-25.402930°,28.023780°
Ho‘rskool Montana,-25.6736,28.2418
Laerskool Magalieskruin,-25.6835,28.2374
Laerskool Stephanus Roos,-25.6802,28.2216
Northridge Primary School,-25.6856,28.2181
Boitshepo Secondary School,-25.3718,28.2875
Dominici School For The Dear - Primary,-25.4047,28.2554
Dominici School For The Dear - Secondary,-25.4059,28.2605
Hamanskraal wes primary,-25.4207,28.265
Hans Kekakana High,-25.3633,28.2359
Hosea Kekana High School,-25.3573,28.2861
Iketle School,-25.4121,28.2511
Itireleng Primary school,-25.4124,28.251
Kekana Primary School,-25.355,28.2479
Kgetseyatsie Middle School,-25.3797,28.2566
Kudube Primary School,-25.3953,28.2732
Lebelo Primary School,-25.3571,28.2949
Leboneng Primary School,-25.366,28.2655
Lefofa Primary School,-25.385,28.2621
LEHWELERENG SECONDARY,-25.4101,28.2553
LETHAMAGA SECONDARY SCHOOL,-25.3735,28.298
Mabu-A-Tlou Primary,-25.3671,28.2223
Madisong secondary school,-25.3672,28.2627
Makgake Primary School,-25.3801,28.2812
Makgetse High School,-25.389,28.2671
Marokolong Primary School,-25.3848,28.2885
Masakhane Primary School,-25.3859,28.2365
moditela secondary school,-25.3716,28.2227
Mokonyama Primary School,-25.3438,28.2909
Mokonyama Primary School 2,-25.395,28.2953
Mosaledi Primary School,-25.3846,28.2631
P.H.L Moraka Secondary School,-25.3737,28.2477
Ratshepo High School,-25.3792,28.2541
Refitlhile Primary School,-25.3874,28.2647
Reneilwe Primary School,-25.375,28.2626
Rethabile primary school,-25.3694,28.3131
SEKAMPANENG PRIMARY SCHOOL,-25.3974,28.2338
Selang Primary School,-25.3605,28.2679
Seroto School,-25.3581,28.251
Sikhululekile School,-25.3803,28.2483
St Camillus Primary School,-25.3906,28.3008
steve biko secondary school,-25.3695,28.3179
Burgher Right Primary School,-25.750570°,28.157610°
Laerskool Die Heuwel,-25.752674°,28.139025°
Hoërskool Tuine,-25.725150°,28.142650°
Laerskool Tuine,-25.724910°,28.147450°
Laerskool Danville,-25.739467°,28.132567°
Daspoort Secondary School,-25.713483°,28.141517°
Hoërskool Hercules,-25.715567°,28.146500°
Laerskool Booysens,-25.70884°,28.12606°
Laerskool Hermanstad,-25.716817°,28.155350°
Kwaggasrandskool,-25.760483°,28.117550°
Laerskool Mayville,-25.705650°,28.183083°
Laerskool Bergsig,-25.699333°,28.166050°
Laerskool Saamspan,-25.697740°,28.157850°
Hillview High School,-25.711650°,28.174997°
Suiderberg Skool,-25.696860°,28.143220°
Laerskool Boerefort,-25.700233°,28.193283°
Camera Pole 215 - C/O Dely & Lois,-25.795601°,28.269590°
Hoërskool Garsfontein,-25.798367°,28.305317°
Laerskool Elarduspark,-25.829230°,28.259870°
Laerskool Garsfontein,-25.791100°,28.296067°
Laerskool Tygerpoort,-25.795824°,28.354914°
Lynnwood Ridge Primary School,-25.762550°,28.299300°
BOKGONI TECHNICAL SECONDARY SCHOOL,-25.764417°,28.085367°
WALTON JAMESON PRIMARY SCHOOL,-25.764640°,28.085110°
Matseke Primary School,-25.773050°,28.074890°
Laerskool Kameeldrift,-25.712120°,28.006770°
Laerskool Kameelfontein,-25.602720°,28.403100°
Bagale primary school,-25.752350°,28.067190°
Laerskool Wespark,-25.757300°,28.123290°
St. Paulis School,-25.750719°,28.286364°
St Marys School,-25.756280°,28.241600°
Lesedi Secondary school,-25.773233,28.4448
Laerskool Skuilkrans,-25.749067°,28.303167°
Hoërskool Silverton,-25.736590°,28.302960°
Laerskool Silverton,-25.732050°,28.301117°
Hoërskool Langenhoven,-25.733100°,28.188000°
Hoërskool Pretoria-Wes,-25.740600°,28.157570°
Laerskool Simon Bekker,-25.753590°,28.153770°
Transoranje Skool,-25.748720°,28.129900°
Hoërskool Elandspoort,-25.742590°,28.124410°
Laerskool Generaal Beyers,-25.743650°,28.126950°
Annlin Tennis Club,-25.681639°,28.197444°
Hoërskool Pretoria-Noord,-25.683983°,28.168567°
Laerskool Danie Malan,-25.676450°,28.178710°
Laerskool Rachel De Beer,-25.662061°,28.156670°
ASSUMPTION CONVENT SCHOOL,-25.672280°,28.179620°
Laerskool Wonderboom,-25.682950°,28.199830°
Hoërskool Overkruin,-25.684490°,28.209500°
Alma Primary School,-25.712410°,28.196600°
Eduplex Primary School,-25.724360°,28.247890°
Hoërskool Oos-Moot,-25.708010°,28.241080°
Hoërskool Staatspresident C R Swart,-25.708367°,28.256650°
Kodumela Primary School,-25.602433°,28.207367°
Laerskool Eben Swemmer,-25.718090°,28.210050°
Laerskool Lindopark,-25.712160°,28.271620°
Laerskool Nellie Swart,-25.720010°,28.257010°
Laerskool Pierneef,-25.721740°,28.230330°
Laerskool Queenswood,-25.731970°,28.253631°
Laerskool Villieria,-25.711530°,28.235650°
Laerskool Voorpos,-25.702880°,28.258910°
Loreto school queenswood,-25.735242°,28.243381°
Robert Hicks Primary School,-25.725687°,28.209125°
Willowridge High School,-25.761410°,28.314050°
Laerskool Monumentpark,-25.801370°,28.229890°
Pretoria Chinese Skool,-25.827360°,28.268490°
Arcadia Primary School,-25.746670°,28.219970°
Pretoria Technical High School,-25.750020°,28.212410°
Brooklyn Primary School,-25.764117°,28.243133°
Laerskool Pretoria-Oos,-25.758633°,28.230083°
Pretoria Boys' High School,-25.759067°,28.230783°
Laerskool Anton Van Wouw,-25.775633°,28.232250°
Laerskool Generaal Jacques Pienaar,-25.726038°,28.196353°
Bks Customer Care Centre,-25.748680°,28.195940°
Afrikaanse Hoër Meisieskool,-25.756717°,28.219967°
Magalies Primary/Secondary,-25.706890°,28.219930°
Clapham High School,-25.732920°,28.242920°
Hoër Tegniese Skool John Vorster,-25.697520°,28.237200°
Laerskool Rietfontein-Noord,-25.699130°,28.227370°
Laerskool Riviera,-25.731640°,28.206900°
Laerskool Jopie Fourie,-25.763410°,28.184210°
Laerskool Oos-Eind,-25.756400°,28.191400°
Pretoria Primary school,-25.756270°,28.197520°
Sunnyside Primary School,-25.804567°,-25.756650°
Vhalliespark Primary School,-25.8052298,28.1519383
Hoërskool Hendrik Verwoerd,-25.723500°,28.216950°
Waterkloof Primary School,-25.776800°,28.240067°
Laerskool Totiusdal,-25.701440°,28.246240°
Hoërskool Wonderboom,-25.694483°,28.198750°
Laerskool Wonderboom-Suid,-25.705467°,28.206617°
Laerskool Constantiapark,-25.806400°,28.282383°
American Institution School,-25.801919°,28.325314°
NDIMA PRIMARY SCHOOL,-25.704630°,28.348700°
Tshegofatsong,-25.726180°,28.386240°
Reneilwe Adult school,-25.703250°,28.371450°
Waterkloof House Prep School,-25.766820°,28.231860°
Laerskool Lynnwood,-25.760480°,28.268490°
Hoërskool Menlopark,-25.765433°,28.259683°
Laerskool Menlopark,-25.767717°,28.254367°
Hofmeyr park,-25.760960°,28.253980°
Pretoria High School For Girls,-25.750230°,28.228280°
Pretoria Secondary School,-25.751290°,28.195780°
Loreto Convent School,-25.751700°,28.185110°
Afrikaanse Hoër Seunskool,-25.755493°,28.221478°
Hoërskool Waterkloof,-25.819730°,28.257290°
ST ANNES PRIMARY SCHOOL,-25.762840°,28.086370°
HOLY TRINITY,-25.762400°,28.086467°
J.J De Jong,-25.763700°,28.078767°
SAULRIDGE SECONDARY SCHOOL,-25.768067°,28.064717°
BUD MBELLE PRIMARY SCHOOL,-25.767595°,28.065492°
HOFMEYR SECONDARY SCHOOL,-25.769460°,28.073010°
BATHOKWA PRIMARY SCHOOL,-25.766970°,28.054120°
ESIKHISINI PRIMARY SCHOOL,-25.768428°,28.053112°
FLAVIUS MAREKA SECONDARY SCHOOL.,-25.769340°,28.055964°
MAREMATLOU PRIMARY SCHOOL,-25.771250°,28.077240°
THOHO-YA-NDOU PRIMARY SCHOOL,-25.770867°,28.050467°
MAKGATHO PRIMARY SCHOOL,-25.774250°,28.062560°
MABAFENG PRIMARY SCHOOL,-25.777020°,28.065030°
BANARENG PRIMARY SCHOOL,-25.780270°,28.065860°
ISAAC MORE PRIMARY SCHOOL,-25.774040°,28.079630°
PATOGENG PRIMARY SCHOOL,-25.778430°,28.069710°
SEAPARANKWE PRIMARY SCHOOL,-25.776910°,28.079050°
MASIZANI PRIMARY SCHOOL,-25.774100°,28.049833°
EDWARD PHATUDI SECONDARY SCHOOL,-25.777800°,28.050800°
PHELINDABA SECONDARY SCHOOL,-25.762600°,28.076872°
MAHLAHLE PRIMARY SCHOOL,-25.779333°,28.053550°
PHUTHADITSHABA PRIMARY,-25.782267°,28.045983°
MOTSWEDING PRIMARY SCHOOL,-25.782380°,28.060980°
Dr Wf Nkomo Secondary S.,-25.777720°,28.073820°
Makgwaraneng Primary School,-25.781133°,28.064983°
CAE Golelwe School,-25.772710°,28.070040°
Zodwa Special School,-25.775170°,28.089510°
Walter Sizulu Primary,-25.909533°,28.099000°
Laerskool Bakenkop,-25.869280°,28.153223°
Olievenhoutbosch Secondary School,-25.920110°,28.086480°
Olievenhoutbosh Christian School,-25.921600°,28.090470°
Orefile Primary School,-25.912980°,28.110750°
Philena Middle School,-25.916850°,28.095517°
Seshegong Secondary School,-25.909150°,28.086720°
Wierda Park Primary School,-25.865260°,28.142940°
Laerskool Hennopspark,-25.851717°,28.169933°
Springvale Primary School,-25.857567°,28.148567°
Alpha Centurion Runners,-25.835460°,28.162970°
Sutherland High School,-25.841720°,28.143460°
Erasmia Primary School,-25.812995°,28.095693°
Laerskool Swartkop,-25.819917°,28.146100°
Valhalla Primary School,-25.814333°,28.143833°
Irene Middel School,-25.877330°,28.228140°
Laerskool Fleur School,-25.820383°,28.210150°
Hoërskool Zwartkop,-25.848930°,28.166290°
Hoërskool Centurion,-25.830083°,28.199233°
Laerskool Louis Leipoldt,-25.836250°,28.203967°
Lyttelton Manor High School,-25.834560°,28.201470°
Lyttelton Primary School,-25.826578°,28.200049°
Hoërskool Voortrekkerhoogte,-25.791778°,28.156778°
KGABO PRIMARY SCHOOL,-25.773170°,28.066730°
N'WA MHINGA PRIMARY SCHOOL,-25.779070°,28.059980°
Hoërskool Eldoraigne,-25.841510°,28.148300°
Andrew Anthony Primary School,-25.784060°,28.101960°
Hillside Primary School,-25.783520°,28.095420°
Himalaya Secondary School,-25.781310°,28.100930°
Jacaranda Primary School,-25.792830°,28.100570°
Laudium Heights Primary School,-25.783230°,28.097760°
Laudium Primary School,-25.787143°,28.100669°
Laudium Secondary School,-25.788333°,28.098717°
Itereleng School,-25.789270°,28.074990°
Shree Preoria Hindu Seva Samaj,-25.792020°,28.103180°
Al-Asr Secondary School,-25.794250°,28.113210°
Central Islamic School,-25.79007°,28.10129°
Sunrise School,-25.78909°,28.11035°
Pretoria Muslem School,-25.788870°,28.106150°
Laerskool Wierdapark,-25.854583°,28.141150°
Laerskool Rooihuiskraal,-25.889690°,28.151920°
Laerskool Doringkloof,-25.860583°,28.203883°
Epower/ Ratanang Creche,-25.848060°,28.095190°
Rosina Sedibane Modiba sport school,-25.78214°,28.10926°
Tshwane Muslim School,-25.795910°,28.095060°
Rietondale Primary School,-25.731997°,28.219555°
Sedibeng Primary School,-25.637700°,28.530200°
Onverwacht Primary School,-25.603800°,28.599030°
Laerskool Rayton,-25.743670°,28.526620°
Laerskool Uitsig,-25.898750°,28.131567°
Hoerskool Cullinan,-25.677680°,28.523930°
Hoërskool Uitsig,-25.897900°,28.138130°
Chipa Thabane School,-25.641510°,28.528840°
Chokoe Primary School,-25.647350°,28.529690°
Hoërskool F H Odendaal,-25.415483,28.17931
Sonitus Skool,-25.700490°,28.291240°
Eersterust Sekondêr,-25.712833°,28.311167°
Fred Magardie Primary School,-25.712970°,28.317630°
Norridge Park Primary,-25.706630°,28.314750°
P S Fourie Primary,-25.714683°,28.312100°
Prosperitus Sekondêr,-25.701640°,28.303370°
Curro College Hazeldean,-25.775789°,28.378850°
Laerskool Derdepoort,-25.702400°,28.287700°
La Montagne Primary School,-25.745252°,28.323189°
SHIRINDA PRIMARY SCHOOL,-25.705129°,28.330683°
ORA ET LABORA PRIMARY SCHOOL,-25.712830°,28.327680°
EMTHUNZINI PRIMARY SCHOOL,-25.706020°,28.336420°
UMTHOMBO PRIMARY SCHOOL,-25.711520°,28.335180°
JAFTA MAHLANGU SECONDARY SCHOOL,-25.703680°,28.339560°
BOHLABATSATSI PRIMARY SCHOOL,-25.712810°,28.340270°
F.F. RIBIERO PRIMARY SCHOOL (EX NTSHABOHLOKO):1997,-25.714390°,28.343930°
MORAKOMA PRIMARY SCHOOL,-25.710970°,28.343970°
MORETELE PRIMARY SCHOOL,-25.713460°,28.358530°
PHELADI-NAKENE PRIMARY SCHOOL,-25.711760°,28.355390°
VUKANI MAWETHU SECONDARY SCHOOL,-25.709740°,28.362850°
MAMELODI SECONDARY SCHOOL,-25.710070°,28.363940°
MODIRI TECHNICAL SCHOOL,-25.706947°,28.365930°
REFENTSE PRIMARY SCHOOL,-25.705800°,28.360270°
VLAKFONTEIN SECONDARY SCHOOL,-25.706050°,28.366210°
EZAZI PRIMARY SCHOOL,-25.714430°,28.349854°
TSHIMOLLO PRIMARY SCHOOL,-25.715875,28.3485339
J KEKANA SECONDARY SCHOOL,-25.708133°,28.352417°
Agnes Chidi Primary School,-25.715750°,28.351740°
Dr Im Monare Primary School,-25.711510°,28.361540°
FUNANANI CHRISTIAN SCHOOL,-25.704100°,28.363590°
Laerskool Meyerspark,-25.740060°,28.315790°
Kutumela-Molefi Intm. Farm School,-25.754100°,28.419233°
Bona Lesedi Middle School,-25.702750°,28.412240°
NELLMAPIUS PRIMARY SCHOOL,-25.737080°,28.350200°
JAN KOTLOLO PRIMARY SCHOOL,-25.730260°,28.361990°
LOMPEC INDEPENDENT PRIMARY AND SECONDARYSCHOOL,-25.705510°,28.375786°
MONONONG PRIMARY SCHOOL,-25.703720°,28.380280°
SINDAWONYE PRIMARY SCHOOL,-25.710330°,28.369950°
MVELEDZO PRIMARY SCHOOL,-25.716450°,28.369090°
TLAKUKANI PRIMARY SCHOOL,-25.715320°,28.368540°
PULA-DIFATE PRIMARY SCHOOL,-25.713140°,28.376370°
PHATENG SECONDARY SCHOOL,-25.721200°,28.371580°
MOTHEO PRIMARY SCHOOL,-25.705190°,28.381820°
VUKAUZENZELE PRIMARY SCHOOL,-25.739410°,28.374050°
BOIKGANTSHO PRIMARY SCHOOL,-25.718815,28.3849445
RIBANE-LAKA SECONDARY SCHOOL,-25.717320°,28.384880°
SOLOMON MAHLANGO FREEDOM SCHOOL (EX IZIKHULU):1997,-25.719760°,28.384590°
N'WA-VANGANI PRIMARY SCHOOL,-25.723510°,28.386900°
UOANE PRIMARY SCHOOL,-25.709550°,28.386630°
SIKHANYISELE PRIMARY SCHOOL,-25.714480°,28.387251°
BALEBOGENG PRIMARY SCHOOL,-25.706843,28
MOGALE PRIMARY SCHOOL,-25.721490°,28.392823°
LEHLABILE SECONDARY SCHOOL,-25.712780°,28.389800°
GATANG SECONDARY SCHOOL,-25.721840°,28.395110°
BAJABULILE PRIMARY SCHOOL,-25.714970°,28.392840°
RETHAKGETSE PRIMARY SCHOOL,-25.706470°,28.389870°
STANZA BOPAPE SECONDARY SCHOOL,-25.702833°,28.389017°
BULA-DIKGORO PRIMARY SCHOOL,-25.704700°,28.398750°
PFUNZO NDI TSHEDZA,-25.721720°,28.404710°
NELLMAPIUS SECONDARY SCHOOL,-25.738840°,28.351370°
Emasangwene Primary School,-25.707910°,28.410300°
Khuthalani Primary School,-25.713032,28.386976°
Legora Primary School,-25.727767°,28.420317°
Mahlasedi - Masana Primary School,-25.716300°,28.418950°
Meetse-A-Bophelo School,-25.721810°,28.418740°
Ramahlale Primary School,-25.710929°,28.404202°
Zakhele Primary School,-25.706450°,28.379483°
Sipho Komane Secondary School,-25.744240°,28.355340°
Tsako Thabo Secondary School,-25.709317°,28.371600°
BOPHELONG COMMUNITY INDEPENDENT SCHOOL,-25.716730°,28.378370°
Rephafogile Secondary,-25.720310°,28.433570°
Koos Matli primary school,-25.707960°,28.390670°
Nellmapius Lethabong Secondary School,-25.733186°,28.384556°
Nellmapius Primary School,-25.731910°,28.376690°
Mahube Valey Secondary School,-25.700370°,28.412210°
Sediba sa Thuto,-25.727467°,28.433950°
Impendulo Primary,-25.723160°,28.438510°
Mahlenga Secondary School,-25.601300°,28.894660°
Mkhambi Primary School,-25.606170°,28.879310°
Sikhulisile Primary School,-25.663260°,28.737470°
Ekangala Comprehensive High School,-25.697510°,28.746790°
Hlabelela Primary School,-25.695340°,28.751640°
Hlolisisa Primary,-25.688360°,28.745600°
Rethabisang Primarty School,-25.724750°,28.715090°
Sihluziwe Primary School,-25.657510°,28.727130°
Zivuseni Combined School,-25.676310°,28.725390°
Mandlomsobo Combined School,-25.668130°,28.725750°
Jabulani Private Primary,-25.685140°,28.712170°
Kgoro Primary School,-25.787640°,28.719680°
Mshuluzane Mayisela Primary School,-25.774570°,28.718820°
Zithobeni Secondary School,-25.776650°,28.729290°
Wozanibone Secondary,-25.905130°,28.530580°
Strauss Secondary School,-25.678026°,28.737975°
Bronkhorst spruit Prim School,-25.809040°,28.710130°
Cultura High School,-25.824870°,28.738840°
Hoerskool Erasmus,-25.812870°,28.733960°
Soshanguve College,-25.538857°,28.098797°
Soshanguve College,-25.541160°,28.097960°
Soshanguve College,-25.543240°,28.097230°
Soshanguve College,-25.545338°,28.096425°
Soshanguve College,-25.546218°,28.095748°
Tshwane university of Technology,-25.723420°,28.180740°
Ga-Rankuwa TUT,-25.618320°,28.002670°
Prestige College,-25.430440°,28.273010°
Temba Technical College,-25.389820°,28.258040°
University of Pretoria,-25.405870°,28.263500°
TUT Weir Street,-25.726610°,28.162470°
BOKGONI TECHNICAL SECONDARY SCHOOL,-25.764417°,28.085367°
Tswane South College,-25.767240°,28.089800°
Zandfontein Traffic Collage,-25.713780°,28.076340°
Corner Stone College,-25.728037°,28.298922°
Technicon PTA West,-25.732680°,28.158470°
Tswane West College,-25.762040°,28.135810°
Pretoria Noord Tutela Campus,-25.681340°,28.163130°
Star College Equestria,-25.769028°,28.333639°
Varsity college,-25.775580°,28.282500°
Magnolia Dell,-25.762362°,28.220431°
Crawford College,-25.765722°,28.215417°
Christian Brothers College,-25.737090°,28.270190°
SG Lourens Nursing College,-25.737403°,28.198478°
Tshwane north college,-25.748420°,28.181120°
Lebone college,-25.739875°,28.202943°
Unisa Sunnyside Campus 2,-25.757770°,28.198310°
Tshwane North College 1,-25.745659°,28.198113°
Tshwane North College 2,-25.745659°,28.198113°
Tshwane North College 3,-25.745659°,28.198113°
Tshwane North College 4,-25.745659°,28.198113°
Tshwane North Campus CBD 1,-25.540645°,28.096905°
Tshwane North Campus CBD 2,-25.540645°,28.096905°
Tshwane North Campus CBD 3,-25.540645°,28.096905°
Tshwane North Campus CBD 4,-25.540645°,28.096905°
Tshwane North Campus CBD 5,-25.540645°,28.096905°
Sesegong Metro Police Training College,-25.775800°,28.086360°
University of Pretoria TUT,-25.702287°,28.361117°
Metro Police Training College,-25.704280°,28.365390°
Makgoba Sebothoma Community Hall,-25.377440°,28.246150°
Odirile Centre,-25.384030°,28.244530°
Suurman Community Hall,-25.382090°,28.220310°
Olievenhout Bosch Disability Centre,-25.915030°,28.092200°
Thaba Tshwane Islamic Centre Trust,-25.805970°,28.140870°
Centurion Cc,-25.835267°,28.196417°
Accommodation Hall TLMA,-25.739585°,28.164360°
Wi-Fi Tv 2 (Apollo Buildings),- 25.747470°,28.169747°
Jacaranda kinder huis,-25.694760°,28.290820°
Stanza Bopape Community Health Centre,-25.705290°,28.394680°
Eersterust Welfare Organisation,-25.703730°,28.311090°
Zithobeni Municipal Key Site,-25.783780°,28.719840°
Ekangala Community Hall,-25.697636°,28.751986°
Ekangala Sec_F Makhakane Community Hall,-25.697750°,28.752110°
Rethabiseng Municipal Key Site,-25.718660°,28.712340°
Sinoville Tennis Club,-25.673800°,28.219067°
Villeria Tennis Club,-25.722139°,28.219389°
Hammanskraal Sport Centre,-25.402130°,28.293290°
Temba staduim,-25.377790°,28.248610°
Temba Swimming Pool,-25.378352°,28.245667°
Hermanstad soccer club,-25.720080°,28.159750°
Garsfontein Tennis and Skate Park,-25.788910°,28.285950°
Belgrave club,-25.751870°,28.238060°
Murray Field Tennis Courts,-25.749200°,28.298640°
Pilditch Stadium,-25.751420°,28.163820°
Annlin Tennis Club,-25.681639°,28.197444°
Rolbal Club,-25.713610°,28.234680°
Villieria sport club,-25.722190°,28.237800°
Zambesi tennis Club,-25.687780°,28.258610°
Pierre Van Reyneveldt Teninis Courts,-25.842583°,28.243817°
Monument Park Tennis Club,-25.803780°,28.234520°
RIF Tennis Club,-25.812111°,28.242111°
Gezina Netbal Club & Korbal Park,-25.716860°,28.206990°
Silver Park Tennis,-25.761590°,28.318920°
Brooklyn Bowling Club,-25.764639°,28.235000°
Lynnwood Tennis Club,-25.759167°,28.260861°
Brooklyn Union Tennis Club,-25.762780°,28.239860°
Saulsville Sports Arena,-25.769150°,28.063040°
Atteridgeville Stadium,-25.775830°,28.072450°
Centurion Wreseling Club,-25.848610°,28.154070°
Eldoraigne Tennis Club,-25.849058°,28.153719°
Eldoraigne Matsport Centre,-25.848830°,28.155500°
Valhalla Tennis Club,-25.812350°,28.152500°
Weirda Park Tennis Club,-25.856944°,28.145361°
Centurion Jukskei Club,-25.855770°,28.193230°
Centurion Racing Pigeon Club,-25.848143°,28.140475°
Clubview Tennis,-25.834980°,28.175380°
Centurion Squash Club,-25.835514°,28.175017°
Centurion Rugby Club,-25.857290°,28.194950°
Lyttelton Library 259 West Ave,-25.851520°,28.188790°
Cest La Via Play Park,-25.842884°,28.175897°
Doringkloof Tennis Club,-25.853280°,28.206280°
Centurion Blues,-25.820528°,28.208111°
Centurion Bouling Club,-25.825600°,28.208600°
Centurion Gymnastics Club,-25.858470°,28.196230°
Centurion Netball Club,-25.826211°,28.207774°
Centurion Racing Yacht Club,-25.851933°,28.184669°
Zwartkop Driving Range,-25.823887°,28.165400°
Eagles Karate Club,-25.854270°,28.165590°
Mets Baseball Club,-25.806500°,28.150067°
Laudium Bowling Club,-25.791620°,28.105410°
Laudium Cricket club,-25.789760°,28.095560°
Laudium Football Association,-25.788770°,28.093730°
Laudium Tennis Club,-25.788814°,28.100646°
Eersterust cricket stadium,-25.701090°,28.315660°
Eersterus sport staduim,-25.714860°,28.305270°
Mamelodi West Cricket Club,-25.706850°,28.346080°
Nelmapius Swimming Pool,-25.745340°,28.357420°
Mamelodi softball club,-25.709833°,28.377419°
Mamelodi Cricket Club Ext5,-25.708550°,28.401860°
Bronkhorstpruit Stadium,-25.808206°,28.731536°
Zithobeni Sport Stadium,-25.783240°,28.719810°
Sinoville Metro Police,-25.678290°,28.217440°
Hammanskraal Metro Police,-25.403669°,28.287825°
Madiba 1 Metro Police (R3s2),-25.74689°,28.17733°
CBD Metro Police,-25.739850°,28.183780°
Metro Police Office-War Room,-25.749160°,28.172120°
Metro Police (Phillip Nel R3S1),-25.740780°,28.137190°
Centurion Metropolatan police station,-25.826930°,28.205140°
Centurion Licensing Service,-25.890997°,28.182576°
Bronkhostspruit Metro Police,-25.810460°,28.743760°
Mabopane Metro Police,-25.508070°,28.041470°
Mabopane SAPS,-25.511610°,28.057240°
Mabopane Skills Centre,-25.502750°,28.048680
ODI district hospital,-25.595460°,28.108520°
Giant Stadium,-25.518400°,28.087900°
Sosh-Drive inn P1,-25.522890°,28.100510°
Sosh-Drive inn P2,-25.523360°,28.099710°
Mabophane unit D,-25.521520°,28.070260°
Retlotleng Womens Organisation,-25.488290°,28.053270°
Klipkruis FOUNTAINS Resort,-25.581940°,28.092740°
Ground supermarket,-25.599560°,28.090460°
Ronny's,-25.593290°,28.064170°
Grown Supermarket,-25.585600°,28.049690°
Ekasi Labs,-25.604870°,28.008600°
Ga-Rankuwa Sport Stadium,-25.592030°,27.994290°
Ga-Rankuwa Community Hall,-25.616340°,27.986650°
Falala Gymnasium,-25.511010°,28.106270°
Itsoseng phase 6,-25.544310°,28.062160°
Maunde City,-25.467510°,28.071060°
Mehlareng Inn,-25.535100°,28.083350°
Camera Pole 29- C/O Prospect & Hilda,-25.752212°,28.235443°
Kirkney Church,-25.719980°,28.099960°
Metro Police Winternest,-25.648170°,28.128900°
Enoch Sontonga stasion,-25.727240°,28.187540°
Deetlefs ave,-25.637960°,28.090360°
Holy Cross Home,-25.702560°,28.142570°
SEETSA/SA/KWEDI,-25.467450°,28.118570°
Sosh Bakery,-25.448450°,28.112733°
Doornpoort Airport Satellite,-25.648321,28.236369
khomanane burial home,-25.364820°,28.308220°
Camera Pole 215 - C/O Dely & Lois,-25.795601°,28.269590°
Camera Pole 64 - C/O Mogul & 7th,-25.739180°,28.176704°
Camera Pole 65 C/O Bloed & 7th,-25.741869°,28.176960°
Camera Pole 45- C/O Spuy & Verdoorn,-25.754701°,28.215143°
Camera Pole 51- C/O Robert Sobukwe & Celliers,-25.752753°,28.206373°
Camera Pole 53 - C/O Mogul & 7th,-25.751577°,28.203667°
Camera Pole 230 - C/O Middel & Dey,-25.771660°,28.230618°
Camera Pole 9 C/O Andies and Church,-25.746340°,28.190510°
Camera Pole 10 C/O Andries & Pretorius,-25.747662°,28.190748°
Camera Pole 20-C/O Struben & du Toit,-25.74126°,28.19737°
Camera Pole 23- Sammy Marks Square,-25.746226°,28.193912°
Camera Pole 24- C/O Church & Central,-25.746172°,28.191975°
Camera Pole 62 - C/O Boom & Andries,-25.739002°,28.189756°
Camera Pole 71 C/O Bosman & Scheiding,-25.75691°,28.18639°
Camera Pole 72 C/O Paul Kruger & Scheiding,-25.756903°,28.188991°
Camera Pole 74 C/O Park & Leyds,-25.74916°,28.20930°
Camera Pole 75 C/O Bourhe & Walton Jameson,-25.751982°,28.210595°
Camera Pole 84 C/O Francis Baard & Eastwood,-25.74691°,28.22243°
Camera Pole 93 C/O Justice Mahomed & Leyds,-25.758641°,28.205138°
Camera Pole 94 C/O Bloed & Sisulu,-25.742473°,28.182921°
Camera Pole 104 C/O Boom & Schubart,-25.73943°,28.18282°
Camera Pole 105 C/O Struben & Potgieter,-25.74240°,28.18026°
Camera Pole 111 C/O Nana Sita & Prince's Park,-25.751070°,28.178737°
Camera Pole 130 C/O Rissik & Steve Biko,-25.75628°,28.20111°
Camera Pole 152 C/O Johannes Ramokgoase & Mandela,-25.742634°,28.199582°
Camera Pole 155 C/O Andries & Minnaar,-25.753614°,28.191211°
Camera Pole 164 - C/O Paul Kruger & Vermeulen,-25.745143°,28.187898°
C/O Kotze Street and Meintjies Street,-25.751991°,28.200471°
C/O Kotze Street and Bourke Street,-25.755563°,28.208523°
Prospectus Novus,-25.706737°,28.185737°
IDC,-25.744510°,28.243540°
Pretoria Art Museum,-25.749550°,28.213320°
Pretoria Art Museum,-25.747930°,28.213850°
Tjaart Van Vuuren,-25.705530°,28.236120°
Tshegofatsong,-25.726180°,28.386240°
Fizz Box-1,-25.746450°,28.188830°
Fizz Box-2,-25.745840°,28.187940°
Fizz Box-3,-25.747040°,28.188300°
Fizz Box-4,-25.746440°,28.187310°
Union buildings 3,-25.443848,28.123880
Union buildings 6,-25.444101,28.124006
Morotolola Café,-25.744040°,28.068340°
Old Fire Station,-25.753570°,28.186020°
Monument Poort,-25.667240°,28.173130°
DERDEPOORT Recreational,-25.691990°,28.290070°
Collin's Mini Market,-25.782250°,28.053560°
Waboom,-25.764100°,28.110460°
Wonderboom Airport,-25.658210°,28.214610°
Wonderboom Nature reserve,-25.686700°,28.190080°
Fountains 1,-25.779020°,28.194930°
Fountains 2,-25.780440°,28.195160°
Fountains 3,-25.781690°,28.194930°
Fountains 4,-25.783610°,28.195340°
Fountains 5,-25.785120°,28.195750°
Fountains 6,-25.788610°,28.199340°
Fountains 7,-25.788140°,28.199250°
Ga Mothakga Resort,-25.762890°,28.069060°
BM supermarket,-25.920460°,28.102470°
Steve Tshwete,-25.908283°,28.094217°
Oliven Steel Supplies,-25.898460°,28.088200°
Valhalla Dodgers,-25.808417°,28.147833°
Angvivk rd bus stop,-25.797930°,28.152650°
Camera Pole 175 C/O Protea & Lupin (Dooringkloof Mall),-25.855948°,28.217480°
Station Road Junction,-25.835620°,28.209950°
Itereleng Taxi Rank,-25.787050°,28.078830°
Natimba Drop Off Centre,-25.712510°,28.401790°
Stanza Bopape IT Centre,-25.713450°,28.401160°
Denneboom Taxi Rank,-25.718630°,28.338460°
Mamelodi CarWash,-25.717440°,28.355210°
Nantes Primer,-25.711980°,28.321550°
Petroleum Depot,-25.723621°,28.309216°
Metro Police Regional office,-25.713770°,28.328600°
Tjos Supermarket,-25.721570°,28.408650°
Sensitive Tuck Shop,-25.731050°,28.444500°
Save More Supermarket,-25.736340°,28.390320°
Die Draai X 1,-25.797800°,28.730960°
Die Draai X 2,-25.797920°,28.731590°
Die Draai X 3,-25.798003°,28.732297°
Die Draai X 4,-25.798470°,28.733120°
Die Draai X 5,-25.797814°,28.731022°
Muniforum Bld,-25.809590°,28.742819°
Ekandasria refactory minerals,-25.682018°,28.697522°
Hosana Shop,-25.791300°,28.728690°